<?xml version="1.0" encoding="UTF-8"?>
<!DOCTYPE hibernate-configuration PUBLIC
		"-//Hibernate/Hibernate Configuration DTD 3.0//EN"
		"http://hibernate.org/dtd/hibernate-configuration-3.0.dtd">
<hibernate-configuration>
    <session-factory>
        <property name="hibernate.connection.driver_class">com.mysql.jdbc.Driver</property>
        <property name="hibernate.connection.password">pankaj123</property>
        <property name="hibernate.connection.url">jdbc:mysql://localhost/TestDB</property>
        <property name="hibernate.connection.username">pankaj</property>
        <property name="hibernate.dialect">org.hibernate.dialect.MySQLDialect</property>
        
        <property name="hibernate.current_session_context_class">thread</property>
        <property name="hibernate.show_sql">true</property>
        
        <mapping class="com.journaldev.hibernate.model.Cart1"/>
        <mapping class="com.journaldev.hibernate.model.Items1"/>
    </session-factory>
</hibernate-configuration>
